<?xml version="1.0"?>
<doc>
    <assembly>
        <name>GraphicsTools</name>
    </assembly>
    <members>
        <member name="T:GraphicsTools.Commands">
            <summary>
            This is the commands class and this is where the splitter is stored and all the commands such as
            Draw Circle etc 
            </summary>
        </member>
        <member name="F:GraphicsTools.Commands.btnBackColor">
            <summary>
            This is where the references to different classes go
            </summary>
        </member>
        <member name="M:GraphicsTools.Commands.DrawCircle(System.Int32)">
            <summary>
            This method draws the circle by passing in the parameter radius and drawing an ellipse
            </summary>
            <param name="radius"></param>
        </member>
        <member name="M:GraphicsTools.Commands.drawstring(System.String)">
            <summary>
            This command draws strings 
            </summary>
            <param name="input"></param>
        </member>
        <member name="M:GraphicsTools.Commands.DrawTriangle(System.Int32,System.Int32)">
            <summary>
              This method draws a Triangle
            </summary>
            <param name="firstSide"></param>
            <param name="secondSide"></param>
        </member>
        <member name="M:GraphicsTools.Commands.DrawRectangle(System.Int32,System.Int32)">
            <summary>
            This method draws a rectangle 
            </summary>
            <param name="width"></param>
            <param name="height"></param>
        </member>
        <member name="M:GraphicsTools.Commands.DrawPen(System.Int32,System.Int32)">
            <summary>
            This method the line of the pen 
            </summary>
            <param name="x"></param>
            <param name="y"></param>
        </member>
        <member name="M:GraphicsTools.Commands.PenPosition(System.Int32,System.Int32)">
            <summary>
            This method sets the pens position to the user input 
            </summary>
            <param name="x"></param>
            <param name="y"></param>
        </member>
        <member name="M:GraphicsTools.Commands.Reset">
            <summary>
            This resets the position of the pen to 0
            </summary>
        </member>
        <member name="M:GraphicsTools.Commands.Clear">
            <summary>
            This method clears the graphics panel
            </summary>
        </member>
        <member name="M:GraphicsTools.Commands.BackGroundColor">
            <summary>
            This method allows the user to change the color of the background of the panel
            </summary>
        </member>
        <member name="M:GraphicsTools.Commands.SaveImage">
            <summary>
            This method allows you to save the image. 
            </summary>
        </member>
        <member name="M:GraphicsTools.Commands.ProgramSave">
            <summary>
            This method saves the program as the file path
            </summary>
        </member>
        <member name="M:GraphicsTools.Commands.ProgramLoad">
            <summary>
            This method loads the program 
            </summary>
        </member>
        <member name="M:GraphicsTools.Commands.Run">
            <summary>
            This method looks at all the lines in the richtext box and does the commands the user types in.
            </summary>
        </member>
        <member name="M:GraphicsTools.Commands.DoCommand(System.String)">
            <summary>
            This method splits the text box up using a split which is space, then if statements for each command.
            </summary>
            <param name="command"></param>
        </member>
        <member name="T:GraphicsTools.FillShapes">
            <summary>
            This class is for filling shapes with color 
            </summary>
        </member>
        <member name="M:GraphicsTools.FillShapes.SolidColor">
            <summary>
            This method creates a color chooser for the solid brush 
            </summary>
        </member>
        <member name="M:GraphicsTools.FillShapes.FillCircle(System.Int32)">
            <summary>
            This method fills the circle and depending on the color that is chosen it will change. 
            </summary>
            <param name="radius"></param>
        </member>
        <member name="M:GraphicsTools.FillShapes.FillRectangle(System.Int32,System.Int32)">
            <summary>
            This method fills the rectangle and depending on the color that is chosen it will change. 
            </summary>
            <param name="width"></param>
            <param name="height"></param>
        </member>
        <member name="M:GraphicsTools.FillShapes.FillTriangle(System.Int32,System.Int32)">
            <summary>
            This method fills the Triangle and depending on the color that is chosen it will change. 
            </summary>
            <param name="firstSide"></param>
            <param name="secondSide"></param>
        </member>
        <member name="F:GraphicsTools.MainForm.Mybitmap">
            <summary>
            References to classes 
            </summary>
        </member>
        <member name="M:GraphicsTools.MainForm.#ctor">
            <summary>
            These are references to the bitmaps and creates a smothing mode for when the user is painting 
            </summary>
        </member>
        <member name="M:GraphicsTools.MainForm.panel1_Paint(System.Object,System.Windows.Forms.PaintEventArgs)">
            <summary>
            Panel Painting Method 
            </summary>
            <param name="sender"></param>
            <param name="e"></param>
        </member>
        <member name="M:GraphicsTools.MainForm.saveToolStripMenuItem_Click(System.Object,System.EventArgs)">
            <summary>
            This method will save the bitmap image
            </summary>
            <param name="sender"></param>
            <param name="e"></param>
        </member>
        <member name="M:GraphicsTools.MainForm.btnBackColor_Click(System.Object,System.EventArgs)">
            <summary>
            This method is for the background color button and changes the color of the background 
            </summary>
            <param name="sender"></param>
            <param name="e"></param>
        </member>
        <member name="M:GraphicsTools.MainForm.button1_Click(System.Object,System.EventArgs)">
             <summary>
             Pen Chooser Color
            
             </summary>
             <param name="sender"></param>
             <param name="e"></param>
        </member>
        <member name="M:GraphicsTools.MainForm.btnSolidBrush_Click(System.Object,System.EventArgs)">
            <summary>
            Brush chooser dialog for the fill shapes 
            </summary>
            <param name="sender"></param>
            <param name="e"></param>
        </member>
        <member name="M:GraphicsTools.MainForm.pictureBox1_Click(System.Object,System.EventArgs)">
            <summary>
            This is the method for the picture box for the painting, this method will match the pen color to the picture box color
            </summary>
            <param name="sender"></param>
            <param name="e"></param>
        </member>
        <member name="M:GraphicsTools.MainForm.panel1_MouseMove(System.Object,System.Windows.Forms.MouseEventArgs)">
            <summary>
            This will draw the line and move to the point the mouse is moving too 
            </summary>
            <param name="sender"></param>
            <param name="e"></param>
        </member>
        <member name="M:GraphicsTools.MainForm.panel1_MouseUp(System.Object,System.Windows.Forms.MouseEventArgs)">
            <summary>
            When the mouse is up it will stop the mouse from painting 
            </summary>
            <param name="sender"></param>
            <param name="e"></param>
        </member>
        <member name="M:GraphicsTools.MainForm.panel1_MouseDown(System.Object,System.Windows.Forms.MouseEventArgs)">
            <summary>
            When the mouse is down it will draw the line 
            </summary>
            <param name="sender"></param>
            <param name="e"></param>
        </member>
        <member name="M:GraphicsTools.MainForm.richTextBox1_TextChanged(System.Object,System.EventArgs)">
            <summary>
            This method is where the color of the text will change in the program if its a command and the user 
            can comment.
            </summary>
            <param name="sender"></param>
            <param name="e"></param>
        </member>
        <member name="M:GraphicsTools.MainForm.btnHelp_Click(System.Object,System.EventArgs)">
            <summary>
            This is the help button method which shows commands to the user
            </summary>
            <param name="sender"></param>
            <param name="e"></param>
        </member>
        <member name="M:GraphicsTools.MainForm.btnSaveImage_Click(System.Object,System.EventArgs)">
            <summary>
            Saves the image of the shapes 
            </summary>
            <param name="sender"></param>
            <param name="e"></param>
        </member>
        <member name="M:GraphicsTools.MainForm.txtCommand_KeyDown(System.Object,System.Windows.Forms.KeyEventArgs)">
            <summary>
            This method is executed when the enter button is pressed
            Includes the spliter for the txtbox command
            </summary>
            <param name="sender"></param>
            <param name="e"></param>
        </member>
        <member name="M:GraphicsTools.MainForm.btnClear_Click(System.Object,System.EventArgs)">
            <summary>
            This method clears the bitmap and repaints it white 
            </summary>
            <param name="sender"></param>
            <param name="e"></param>
        </member>
        <member name="M:GraphicsTools.MainForm.openToolStripMenuItem_Click(System.Object,System.EventArgs)">
            <summary>
            This method loads the program, it uses the commands class and uses the programLoad method()
            </summary>
            <param name="sender"></param>
            <param name="e"></param>
        </member>
        <member name="M:GraphicsTools.MainForm.exitToolStripMenuItem_Click(System.Object,System.EventArgs)">
            <summary>
            This method allows the user to exit and displays a message to show a YES/NO option
            </summary>
            <param name="sender"></param>
            <param name="e"></param>
        </member>
        <member name="F:GraphicsTools.MainForm.components">
            <summary>
            Required designer variable.
            </summary>
        </member>
        <member name="M:GraphicsTools.MainForm.Dispose(System.Boolean)">
            <summary>
            Clean up any resources being used.
            </summary>
            <param name="disposing">true if managed resources should be disposed; otherwise, false.</param>
        </member>
        <member name="M:GraphicsTools.MainForm.InitializeComponent">
            <summary>
            Required method for Designer support - do not modify
            the contents of this method with the code editor.
            </summary>
        </member>
        <member name="T:GraphicsTools.Pens">
            <summary>
            This is the pens class which sets the Pencolor to a standard color of black and then it can be changed with the color chooser. 
            </summary>
        </member>
        <member name="F:GraphicsTools.Pens.PenColor">
            <summary>
            Default color is black for the pen
            </summary>
        </member>
        <member name="M:GraphicsTools.Pens.PenChooser">
            <summary>
            This is a color dialog which allows the user to choose the color of the pen 
            </summary>
        </member>
        <member name="M:GraphicsTools.Program.Main">
            <summary>
            The main entry point for the application.
            </summary>
        </member>
        <member name="T:GraphicsTools.Variables">
            <summary>
            This class stores the variables in a list 
            </summary>
        </member>
        <member name="T:GraphicsTools.Properties.Resources">
            <summary>
              A strongly-typed resource class, for looking up localized strings, etc.
            </summary>
        </member>
        <member name="P:GraphicsTools.Properties.Resources.ResourceManager">
            <summary>
              Returns the cached ResourceManager instance used by this class.
            </summary>
        </member>
        <member name="P:GraphicsTools.Properties.Resources.Culture">
            <summary>
              Overrides the current thread's CurrentUICulture property for all
              resource lookups using this strongly typed resource class.
            </summary>
        </member>
    </members>
</doc>
